year,zip_source,file_name,file_extension,category,size_kb,modified_date,local_path
2025,Banco de Datos_KpRCy.zip,Banco de Datos.xlsx,.xlsx,4_Microdatos_Frecuencias,527.77,2025-11-14,data\classified\2025\4_Microdatos_Frecuencias\Banco de Datos.xlsx
2025,Carta  - AR_zrWHZ.zip,Carta  - AR.pdf,.pdf,1_Metodologia_Instrumentos,417.16,2025-08-15,data\classified\2025\1_Metodologia_Instrumentos\Carta  - AR.pdf
2025,Cronograma de campo EPEC-AR_g7VmD.zip,Cronograma de campo EPEC-AR.xls,.xls,2_Operacion_Campo_Muestreo,47.5,2025-08-08,data\classified\2025\2_Operacion_Campo_Muestreo\Cronograma de campo EPEC-AR.xls
2025,Cuestionario CIER_2025_ARGENTINA_CzIR8.zip,Cuestionario CIER_2025_ARGENTINA.pdf,.pdf,1_Metodologia_Instrumentos,655.91,2025-08-14,data\classified\2025\1_Metodologia_Instrumentos\Cuestionario CIER_2025_ARGENTINA.pdf
2025,Cuestionario CIER_2025_ARGENTINA_uMBx9.zip,Cuestionario CIER_2025_ARGENTINA.pdf,.pdf,1_Metodologia_Instrumentos,655.91,2025-08-14,data\classified\2025\1_Metodologia_Instrumentos\Cuestionario CIER_2025_ARGENTINA.pdf
2025,Dicionario de Datos_CuyPI.zip,Dicion rio de Datos.xlsx,.xlsx,3_Diccionarios_Metadatos,64.38,2025-11-14,data\classified\2025\3_Diccionarios_Metadatos\Dicion rio de Datos.xlsx
2025,EPEC-AR - 20% Catastro de encuestados_j2cqm.zip,EPEC-AR - 20% Catastro de encuestados.xls,.xls,2_Operacion_Campo_Muestreo,72.0,2025-10-13,data\classified\2025\2_Operacion_Campo_Muestreo\EPEC-AR - 20% Catastro de encuestados.xls
2025,Entrenamiento EPEC-AR_segunda capacitacion_G2mv3.zip,Entrenamiento EPEC-AR_segunda capacitaci¢n.xls,.xls,2_Operacion_Campo_Muestreo,47.0,2025-09-03,data\classified\2025\2_Operacion_Campo_Muestreo\Entrenamiento EPEC-AR_segunda capacitaci¢n.xls
2025,Entrevistador EPEC-AR_H5pxN.zip,Entrevistador EPEC-AR.xls,.xls,2_Operacion_Campo_Muestreo,54.0,2025-09-09,data\classified\2025\2_Operacion_Campo_Muestreo\Entrevistador EPEC-AR.xls
2025,Inf Comp Paises 2025 - EPEC-AR_cP8Er.zip,Inf Comp Paises 2025 - EPEC-AR.pdf,.pdf,5_Informes_Presentaciones,8487.88,2025-11-14,data\classified\2025\5_Informes_Presentaciones\Inf Comp Paises 2025 - EPEC-AR.pdf
2025,Informe Comp entre Distrib 2025 - EPEC-AR_sL5xe.zip,Informe Comp entre Distrib 2025 - EPEC-AR.pdf,.pdf,5_Informes_Presentaciones,8829.39,2025-11-14,data\classified\2025\5_Informes_Presentaciones\Informe Comp entre Distrib 2025 - EPEC-AR.pdf
2025,Informe Individual 2025 - EPEC-AR_d2XYh.zip,Informe Individual 2025 - EPEC-AR.pdf,.pdf,5_Informes_Presentaciones,12518.85,2025-11-14,data\classified\2025\5_Informes_Presentaciones\Informe Individual 2025 - EPEC-AR.pdf
2025,Informe Individual 2025 - EPEC-AR_tTjF3.zip,Informe Individual 2025 - EPEC-AR.pdf,.pdf,5_Informes_Presentaciones,12518.85,2025-11-17,data\classified\2025\5_Informes_Presentaciones\Informe Individual 2025 - EPEC-AR.pdf
2025,Informe Regiones 2025 - EPEC-AR_7lGkC.zip,Informe Regiones 2025 - EPEC-AR.pdf,.pdf,5_Informes_Presentaciones,11654.95,2025-11-14,data\classified\2025\5_Informes_Presentaciones\Informe Regiones 2025 - EPEC-AR.pdf
2025,Piloto EPEC-AR_xjriX.zip,Piloto EPEC-AR.xls,.xls,2_Operacion_Campo_Muestreo,45.5,2025-08-08,data\classified\2025\2_Operacion_Campo_Muestreo\Piloto EPEC-AR.xls
2025,Presentacion Individual 2025 - EPEC-AR_S8OUi.zip,Presentacion Individual 2025 - EPEC-AR.pptx,.pptx,5_Informes_Presentaciones,55522.16,2025-11-14,data\classified\2025\5_Informes_Presentaciones\Presentacion Individual 2025 - EPEC-AR.pptx
2025,[xlsx] BD EPEC-AR_gul67.zip,[xlsx] BD EPEC-AR.xlsx,.xlsx,4_Microdatos_Frecuencias,643.19,2025-11-14,data\classified\2025\4_Microdatos_Frecuencias\[xlsx] BD EPEC-AR.xlsx
2025,[xlsx] Frec EPEC-AR 2024_Op2Hx.zip,[xlsx] Frec EPEC-AR 2024.xlsx,.xlsx,4_Microdatos_Frecuencias,147.83,2025-11-14,data\classified\2025\4_Microdatos_Frecuencias\[xlsx] Frec EPEC-AR 2024.xlsx
2026,Analisis de Conglomerados 2026 - EPEC-AR_nm1Hn.zip,An lisis de Conglomerados 2026 - EPEC-AR.pdf,.pdf,5_Informes_Presentaciones,840.35,2026-09-10,data\classified\2026\5_Informes_Presentaciones\An lisis de Conglomerados 2026 - EPEC-AR.pdf
2026,Clientes Residenciales _ Domiciliares - V4 AR_inGN5.zip,Clientes Residenciales _ Domiciliares - V4 AR.pdf,.pdf,1_Metodologia_Instrumentos,673.87,2026-04-20,data\classified\2026\1_Metodologia_Instrumentos\Clientes Residenciales _ Domiciliares - V4 AR.pdf
2026,EPEC-AR - Plano de muestra 2026 - calculo_WOgNh.zip,EPEC-AR - Plano de muestra 2026 - c lculo.xls,.xls,2_Operacion_Campo_Muestreo,55.5,2026-09-10,data\classified\2026\2_Operacion_Campo_Muestreo\EPEC-AR - Plano de muestra 2026 - c lculo.xls
2026,EPEC-AR - Plano de muestra 2026 - sorteo_NNUhW.zip,EPEC-AR - Plano de muestra 2026 - sorteo.xls,.xls,2_Operacion_Campo_Muestreo,53.0,2026-09-10,data\classified\2026\2_Operacion_Campo_Muestreo\EPEC-AR - Plano de muestra 2026 - sorteo.xls
2026,Inf Comp Paises 2026 - EPEC-AR_yANpd.zip,Inf Comp Paises 2026 - EPEC-AR.pdf,.pdf,5_Informes_Presentaciones,9166.74,2026-09-11,data\classified\2026\5_Informes_Presentaciones\Inf Comp Paises 2026 - EPEC-AR.pdf
2026,Informe Com entre Rondas 2026 - EPEC-AR_OSeqD.zip,Informe Com entre Rondas 2026 - EPEC-AR.pdf,.pdf,5_Informes_Presentaciones,37064.97,2026-09-11,data\classified\2026\5_Informes_Presentaciones\Informe Com entre Rondas 2026 - EPEC-AR.pdf
2026,Informe Comp entre Distrib 2026 - EPEC-AR_3veKZ.zip,Informe Comp entre Distrib 2026 - EPEC-AR.pdf,.pdf,5_Informes_Presentaciones,9082.01,2026-09-10,data\classified\2026\5_Informes_Presentaciones\Informe Comp entre Distrib 2026 - EPEC-AR.pdf
2026,Informe Individual 2026 - EPEC-AR_JRy1I.zip,Informe Individual 2026 - EPEC-AR.pdf,.pdf,5_Informes_Presentaciones,14371.61,2026-09-10,data\classified\2026\5_Informes_Presentaciones\Informe Individual 2026 - EPEC-AR.pdf
2026,Informe Regiones 2026 - EPEC-AR_TllgK.zip,Informe Regiones 2026 - EPEC-AR.pdf,.pdf,5_Informes_Presentaciones,12589.31,2026-09-11,data\classified\2026\5_Informes_Presentaciones\Informe Regiones 2026 - EPEC-AR.pdf
2026,Planilla de Indices CIER 2026 - EPEC-AR_reNg1.zip,Planilla de Índices CIER 2026 - EPEC-AR.xlsx,.xlsx,4_Microdatos_Frecuencias,617.43,2026-09-10,data\classified\2026\4_Microdatos_Frecuencias\Planilla de Índices CIER 2026 - EPEC-AR.xlsx
2026,Presentacion analitica 2026_v12.09_2jWtO.zip,Presentacion analitica 2026_v12.09.pptx,.pptx,5_Informes_Presentaciones,63677.66,2026-09-12,data\classified\2026\5_Informes_Presentaciones\Presentacion analitica 2026_v12.09.pptx
2026,[xlsx] BD EPEC-AR_Km1qi.zip,[xlsx] BD EPEC-AR.xlsx,.xlsx,4_Microdatos_Frecuencias,244.01,2026-09-10,data\classified\2026\4_Microdatos_Frecuencias\[xlsx] BD EPEC-AR.xlsx
2026,[xlsx] Diccionario de datos 2026_dpbTn.zip,[xlsx] Diccion rio de datos 2026.xlsx,.xlsx,3_Diccionarios_Metadatos,57.17,2026-09-10,data\classified\2026\3_Diccionarios_Metadatos\[xlsx] Diccion rio de datos 2026.xlsx
2026,[xlsx] Frec EPEC-AR 2026_KwkYH.zip,[xlsx] Frec EPEC-AR 2026.xlsx,.xlsx,4_Microdatos_Frecuencias,299.35,2026-09-10,data\classified\2026\4_Microdatos_Frecuencias\[xlsx] Frec EPEC-AR 2026.xlsx
